id,y_pred,parameters
7000,3,3909120
7001,1,3909120
7002,1,3909120
7003,1,3909120
7004,3,3909120
7005,3,3909120
7006,1,3909120
7007,1,3909120
7008,1,3909120
7009,3,3909120
7010,1,3909120
7011,0,3909120
7012,1,3909120
7013,1,3909120
7014,3,3909120
7015,1,3909120
7016,3,3909120
7017,3,3909120
7018,3,3909120
7019,1,3909120
7020,1,3909120
7021,1,3909120
7022,3,3909120
7023,1,3909120
7024,3,3909120
7025,3,3909120
7026,3,3909120
7027,3,3909120
7028,2,3909120
7029,3,3909120
7030,3,3909120
7031,3,3909120
7032,3,3909120
7033,3,3909120
7034,1,3909120
7035,1,3909120
7036,2,3909120
7037,1,3909120
7038,1,3909120
7039,1,3909120
7040,1,3909120
7041,3,3909120
7042,3,3909120
7043,1,3909120
7044,2,3909120
7045,1,3909120
7046,3,3909120
7047,0,3909120
7048,1,3909120
7049,2,3909120
7050,3,3909120
7051,3,3909120
7052,1,3909120
7053,3,3909120
7054,0,3909120
7055,3,3909120
7056,2,3909120
7057,1,3909120
7058,1,3909120
7059,3,3909120
7060,3,3909120
7061,2,3909120
7062,1,3909120
7063,3,3909120
7064,3,3909120
7065,3,3909120
7066,3,3909120
7067,1,3909120
7068,3,3909120
7069,3,3909120
7070,3,3909120
7071,1,3909120
7072,1,3909120
7073,1,3909120
7074,3,3909120
7075,3,3909120
7076,3,3909120
7077,1,3909120
7078,1,3909120
7079,3,3909120
7080,2,3909120
7081,3,3909120
7082,3,3909120
7083,1,3909120
7084,3,3909120
7085,3,3909120
7086,3,3909120
7087,1,3909120
7088,1,3909120
7089,3,3909120
7090,1,3909120
7091,3,3909120
7092,3,3909120
7093,1,3909120
7094,3,3909120
7095,1,3909120
7096,1,3909120
7097,3,3909120
7098,0,3909120
7099,1,3909120
7100,1,3909120
7101,1,3909120
7102,1,3909120
7103,1,3909120
7104,1,3909120
7105,1,3909120
7106,3,3909120
7107,3,3909120
7108,1,3909120
7109,0,3909120
7110,1,3909120
7111,3,3909120
7112,3,3909120
7113,1,3909120
7114,1,3909120
7115,3,3909120
7116,3,3909120
7117,3,3909120
7118,0,3909120
7119,1,3909120
7120,1,3909120
7121,0,3909120
7122,3,3909120
7123,1,3909120
7124,2,3909120
7125,1,3909120
7126,1,3909120
7127,2,3909120
7128,3,3909120
7129,3,3909120
7130,3,3909120
7131,1,3909120
7132,3,3909120
7133,3,3909120
7134,1,3909120
7135,1,3909120
7136,3,3909120
7137,1,3909120
7138,2,3909120
7139,3,3909120
7140,3,3909120
7141,0,3909120
7142,3,3909120
7143,1,3909120
7144,1,3909120
7145,1,3909120
7146,1,3909120
7147,1,3909120
7148,1,3909120
7149,3,3909120
7150,3,3909120
7151,1,3909120
7152,1,3909120
7153,1,3909120
7154,1,3909120
7155,3,3909120
7156,1,3909120
7157,0,3909120
7158,3,3909120
7159,3,3909120
7160,3,3909120
7161,3,3909120
7162,2,3909120
7163,0,3909120
7164,1,3909120
7165,2,3909120
7166,3,3909120
7167,0,3909120
7168,1,3909120
7169,3,3909120
7170,3,3909120
7171,1,3909120
7172,1,3909120
7173,1,3909120
7174,0,3909120
7175,3,3909120
7176,3,3909120
7177,3,3909120
7178,1,3909120
7179,2,3909120
7180,1,3909120
7181,1,3909120
7182,1,3909120
7183,1,3909120
7184,0,3909120
7185,3,3909120
7186,1,3909120
7187,3,3909120
7188,1,3909120
7189,1,3909120
7190,3,3909120
7191,3,3909120
7192,1,3909120
7193,3,3909120
7194,3,3909120
7195,3,3909120
7196,0,3909120
7197,1,3909120
7198,2,3909120
7199,2,3909120
7200,0,3909120
7201,3,3909120
7202,1,3909120
7203,0,3909120
7204,3,3909120
7205,1,3909120
7206,0,3909120
7207,1,3909120
7208,3,3909120
7209,2,3909120
7210,3,3909120
7211,2,3909120
7212,1,3909120
7213,1,3909120
7214,2,3909120
7215,1,3909120
7216,1,3909120
7217,3,3909120
7218,3,3909120
7219,1,3909120
7220,1,3909120
7221,1,3909120
7222,1,3909120
7223,3,3909120
7224,1,3909120
7225,3,3909120
7226,3,3909120
7227,1,3909120
7228,3,3909120
7229,1,3909120
7230,3,3909120
7231,3,3909120
7232,3,3909120
7233,0,3909120
7234,1,3909120
7235,1,3909120
7236,3,3909120
7237,3,3909120
7238,1,3909120
7239,3,3909120
7240,2,3909120
7241,3,3909120
7242,3,3909120
7243,1,3909120
7244,0,3909120
7245,2,3909120
7246,0,3909120
7247,3,3909120
7248,1,3909120
7249,1,3909120
7250,3,3909120
7251,3,3909120
7252,1,3909120
7253,0,3909120
7254,3,3909120
7255,3,3909120
7256,3,3909120
7257,1,3909120
7258,2,3909120
7259,1,3909120
7260,3,3909120
7261,1,3909120
7262,0,3909120
7263,1,3909120
7264,1,3909120
7265,0,3909120
7266,3,3909120
7267,1,3909120
7268,1,3909120
7269,1,3909120
7270,3,3909120
7271,3,3909120
7272,3,3909120
7273,3,3909120
7274,3,3909120
7275,1,3909120
7276,3,3909120
7277,1,3909120
7278,2,3909120
7279,1,3909120
7280,0,3909120
7281,1,3909120
7282,0,3909120
7283,1,3909120
7284,3,3909120
7285,1,3909120
7286,3,3909120
7287,3,3909120
7288,1,3909120
7289,3,3909120
7290,3,3909120
7291,0,3909120
7292,3,3909120
7293,1,3909120
7294,3,3909120
7295,3,3909120
7296,3,3909120
7297,0,3909120
7298,1,3909120
7299,1,3909120
7300,1,3909120
7301,3,3909120
7302,0,3909120
7303,1,3909120
7304,3,3909120
7305,1,3909120
7306,3,3909120
7307,3,3909120
7308,3,3909120
7309,1,3909120
7310,1,3909120
7311,3,3909120
7312,1,3909120
7313,1,3909120
7314,0,3909120
7315,3,3909120
7316,1,3909120
7317,1,3909120
7318,1,3909120
7319,2,3909120
7320,3,3909120
7321,3,3909120
7322,3,3909120
7323,0,3909120
7324,1,3909120
7325,1,3909120
7326,3,3909120
7327,1,3909120
7328,1,3909120
7329,1,3909120
7330,1,3909120
7331,1,3909120
7332,3,3909120
7333,3,3909120
7334,3,3909120
7335,1,3909120
7336,2,3909120
7337,1,3909120
7338,3,3909120
7339,1,3909120
7340,0,3909120
7341,3,3909120
7342,3,3909120
7343,3,3909120
7344,3,3909120
7345,3,3909120
7346,1,3909120
7347,3,3909120
7348,1,3909120
7349,3,3909120
7350,1,3909120
7351,1,3909120
7352,3,3909120
7353,3,3909120
7354,2,3909120
7355,1,3909120
7356,3,3909120
7357,3,3909120
7358,3,3909120
7359,1,3909120
7360,1,3909120
7361,3,3909120
7362,3,3909120
7363,2,3909120
7364,1,3909120
7365,3,3909120
7366,0,3909120
7367,2,3909120
7368,3,3909120
7369,1,3909120
7370,3,3909120
7371,3,3909120
7372,2,3909120
7373,3,3909120
7374,3,3909120
7375,1,3909120
7376,3,3909120
7377,3,3909120
7378,3,3909120
7379,1,3909120
7380,0,3909120
7381,3,3909120
7382,3,3909120
7383,3,3909120
7384,3,3909120
7385,3,3909120
7386,1,3909120
7387,1,3909120
7388,0,3909120
7389,3,3909120
7390,1,3909120
7391,3,3909120
7392,1,3909120
7393,3,3909120
7394,2,3909120
7395,1,3909120
7396,3,3909120
7397,3,3909120
7398,3,3909120
7399,3,3909120
7400,3,3909120
7401,3,3909120
7402,1,3909120
7403,1,3909120
7404,3,3909120
7405,2,3909120
7406,3,3909120
7407,3,3909120
7408,3,3909120
7409,3,3909120
7410,3,3909120
7411,1,3909120
7412,1,3909120
7413,3,3909120
7414,2,3909120
7415,2,3909120
7416,3,3909120
7417,3,3909120
7418,1,3909120
7419,1,3909120
7420,1,3909120
7421,0,3909120
7422,1,3909120
7423,0,3909120
7424,1,3909120
7425,3,3909120
7426,1,3909120
7427,0,3909120
7428,1,3909120
7429,3,3909120
7430,3,3909120
7431,3,3909120
7432,3,3909120
7433,0,3909120
7434,0,3909120
7435,0,3909120
7436,1,3909120
7437,3,3909120
7438,3,3909120
7439,1,3909120
7440,3,3909120
7441,1,3909120
7442,3,3909120
7443,1,3909120
7444,1,3909120
7445,1,3909120
7446,2,3909120
7447,3,3909120
7448,1,3909120
7449,3,3909120
7450,3,3909120
7451,3,3909120
7452,3,3909120
7453,1,3909120
7454,1,3909120
7455,3,3909120
7456,0,3909120
7457,3,3909120
7458,3,3909120
7459,2,3909120
7460,2,3909120
7461,1,3909120
7462,1,3909120
7463,3,3909120
7464,1,3909120
7465,2,3909120
7466,1,3909120
7467,3,3909120
7468,1,3909120
7469,3,3909120
7470,1,3909120
7471,1,3909120
7472,3,3909120
7473,1,3909120
7474,3,3909120
7475,3,3909120
7476,3,3909120
7477,2,3909120
7478,1,3909120
7479,3,3909120
7480,3,3909120
7481,3,3909120
7482,1,3909120
7483,1,3909120
7484,3,3909120
7485,1,3909120
7486,1,3909120
7487,0,3909120
7488,0,3909120
7489,3,3909120
7490,2,3909120
7491,3,3909120
7492,1,3909120
7493,3,3909120
7494,3,3909120
7495,3,3909120
7496,3,3909120
7497,3,3909120
7498,1,3909120
7499,3,3909120
7500,3,3909120
7501,3,3909120
7502,3,3909120
7503,3,3909120
7504,3,3909120
7505,3,3909120
7506,3,3909120
7507,2,3909120
7508,1,3909120
7509,1,3909120
7510,3,3909120
7511,3,3909120
7512,1,3909120
7513,0,3909120
7514,3,3909120
7515,2,3909120
7516,1,3909120
7517,1,3909120
7518,3,3909120
7519,1,3909120
7520,3,3909120
7521,1,3909120
7522,1,3909120
7523,3,3909120
7524,1,3909120
7525,3,3909120
7526,1,3909120
7527,1,3909120
7528,0,3909120
7529,1,3909120
7530,3,3909120
7531,1,3909120
7532,3,3909120
7533,0,3909120
7534,0,3909120
7535,3,3909120
7536,1,3909120
7537,1,3909120
7538,2,3909120
7539,3,3909120
7540,3,3909120
7541,3,3909120
7542,1,3909120
7543,3,3909120
7544,1,3909120
7545,3,3909120
7546,1,3909120
7547,3,3909120
7548,1,3909120
7549,1,3909120
7550,3,3909120
7551,1,3909120
7552,0,3909120
7553,0,3909120
7554,3,3909120
7555,1,3909120
7556,1,3909120
7557,3,3909120
7558,1,3909120
7559,1,3909120
7560,1,3909120
7561,3,3909120
7562,3,3909120
7563,3,3909120
7564,1,3909120
7565,1,3909120
7566,0,3909120
7567,1,3909120
7568,3,3909120
7569,2,3909120
7570,3,3909120
7571,3,3909120
7572,1,3909120
7573,3,3909120
7574,3,3909120
7575,1,3909120
7576,1,3909120
7577,3,3909120
7578,3,3909120
7579,1,3909120
7580,0,3909120
7581,1,3909120
7582,1,3909120
7583,3,3909120
7584,3,3909120
7585,3,3909120
7586,3,3909120
7587,1,3909120
7588,0,3909120
7589,1,3909120
7590,3,3909120
7591,1,3909120
7592,3,3909120
7593,1,3909120
7594,3,3909120
7595,0,3909120
7596,1,3909120
7597,1,3909120
7598,2,3909120
7599,1,3909120
7600,3,3909120
7601,3,3909120
7602,3,3909120
7603,1,3909120
7604,1,3909120
7605,3,3909120
7606,3,3909120
7607,1,3909120
7608,3,3909120
7609,1,3909120
7610,1,3909120
7611,1,3909120
7612,1,3909120
7613,3,3909120
7614,1,3909120
7615,3,3909120
7616,0,3909120
7617,3,3909120
7618,1,3909120
7619,1,3909120
7620,3,3909120
7621,3,3909120
7622,1,3909120
7623,3,3909120
7624,3,3909120
7625,0,3909120
7626,0,3909120
7627,1,3909120
7628,3,3909120
7629,1,3909120
7630,3,3909120
7631,1,3909120
7632,1,3909120
7633,1,3909120
7634,1,3909120
7635,3,3909120
7636,0,3909120
7637,3,3909120
7638,3,3909120
7639,3,3909120
7640,3,3909120
7641,1,3909120
7642,1,3909120
7643,1,3909120
7644,3,3909120
7645,1,3909120
7646,3,3909120
7647,3,3909120
7648,3,3909120
7649,3,3909120
7650,2,3909120
7651,3,3909120
7652,3,3909120
7653,0,3909120
7654,1,3909120
7655,3,3909120
7656,3,3909120
7657,3,3909120
7658,1,3909120
7659,1,3909120
7660,1,3909120
7661,1,3909120
7662,3,3909120
7663,1,3909120
7664,1,3909120
7665,3,3909120
7666,1,3909120
7667,1,3909120
7668,3,3909120
7669,3,3909120
7670,3,3909120
7671,0,3909120
7672,2,3909120
7673,1,3909120
7674,3,3909120
7675,0,3909120
7676,3,3909120
7677,3,3909120
7678,3,3909120
7679,3,3909120
7680,3,3909120
7681,3,3909120
7682,1,3909120
7683,1,3909120
7684,1,3909120
7685,3,3909120
7686,0,3909120
7687,3,3909120
7688,1,3909120
7689,3,3909120
7690,3,3909120
7691,3,3909120
7692,1,3909120
7693,2,3909120
7694,3,3909120
7695,2,3909120
7696,2,3909120
7697,1,3909120
7698,3,3909120
7699,1,3909120
7700,1,3909120
7701,3,3909120
7702,1,3909120
7703,3,3909120
7704,0,3909120
7705,1,3909120
7706,3,3909120
7707,3,3909120
7708,3,3909120
7709,3,3909120
7710,2,3909120
7711,1,3909120
7712,3,3909120
7713,1,3909120
7714,1,3909120
7715,3,3909120
7716,3,3909120
7717,1,3909120
7718,3,3909120
7719,3,3909120
7720,0,3909120
7721,1,3909120
7722,3,3909120
7723,1,3909120
7724,3,3909120
7725,0,3909120
7726,3,3909120
7727,3,3909120
7728,2,3909120
7729,1,3909120
7730,1,3909120
7731,1,3909120
7732,3,3909120
7733,3,3909120
7734,3,3909120
7735,1,3909120
7736,2,3909120
7737,1,3909120
7738,3,3909120
7739,3,3909120
7740,2,3909120
7741,1,3909120
7742,3,3909120
7743,3,3909120
7744,3,3909120
7745,1,3909120
7746,1,3909120
7747,3,3909120
7748,3,3909120
7749,1,3909120
7750,3,3909120
7751,0,3909120
7752,0,3909120
7753,3,3909120
7754,1,3909120
7755,0,3909120
7756,1,3909120
7757,0,3909120
7758,3,3909120
7759,3,3909120
7760,1,3909120
7761,3,3909120
7762,3,3909120
7763,3,3909120
7764,1,3909120
7765,1,3909120
7766,1,3909120
7767,3,3909120
7768,3,3909120
7769,1,3909120
7770,0,3909120
7771,3,3909120
7772,3,3909120
7773,1,3909120
7774,0,3909120
7775,3,3909120
7776,0,3909120
7777,3,3909120
7778,1,3909120
7779,1,3909120
7780,3,3909120
7781,3,3909120
7782,1,3909120
7783,1,3909120
7784,1,3909120
7785,1,3909120
7786,1,3909120
7787,1,3909120
7788,3,3909120
7789,3,3909120
7790,1,3909120
7791,1,3909120
7792,1,3909120
7793,3,3909120
7794,1,3909120
7795,3,3909120
7796,3,3909120
7797,3,3909120
7798,3,3909120
7799,1,3909120
7800,3,3909120
7801,1,3909120
7802,1,3909120
7803,1,3909120
7804,1,3909120
7805,1,3909120
7806,1,3909120
7807,3,3909120
7808,1,3909120
7809,3,3909120
7810,1,3909120
7811,3,3909120
7812,1,3909120
7813,1,3909120
7814,1,3909120
7815,1,3909120
7816,1,3909120
7817,1,3909120
7818,1,3909120
7819,0,3909120
7820,1,3909120
7821,3,3909120
7822,3,3909120
7823,1,3909120
7824,0,3909120
7825,1,3909120
7826,3,3909120
7827,1,3909120
7828,3,3909120
7829,3,3909120
7830,0,3909120
7831,3,3909120
7832,3,3909120
7833,3,3909120
7834,3,3909120
7835,0,3909120
7836,1,3909120
7837,1,3909120
7838,3,3909120
7839,2,3909120
7840,3,3909120
7841,1,3909120
7842,3,3909120
7843,1,3909120
7844,1,3909120
7845,1,3909120
7846,1,3909120
7847,1,3909120
7848,1,3909120
7849,2,3909120
7850,1,3909120
7851,3,3909120
7852,3,3909120
7853,3,3909120
7854,3,3909120
7855,0,3909120
7856,3,3909120
7857,3,3909120
7858,3,3909120
7859,1,3909120
7860,2,3909120
7861,3,3909120
7862,3,3909120
7863,3,3909120
7864,0,3909120
7865,3,3909120
7866,2,3909120
7867,3,3909120
7868,1,3909120
7869,2,3909120
7870,1,3909120
7871,3,3909120
7872,1,3909120
7873,3,3909120
7874,1,3909120
7875,1,3909120
7876,2,3909120
7877,0,3909120
7878,1,3909120
7879,1,3909120
7880,3,3909120
7881,3,3909120
7882,3,3909120
7883,1,3909120
7884,1,3909120
7885,2,3909120
7886,0,3909120
7887,3,3909120
7888,2,3909120
7889,2,3909120
7890,3,3909120
7891,3,3909120
7892,2,3909120
7893,3,3909120
7894,3,3909120
7895,3,3909120
7896,1,3909120
7897,1,3909120
7898,3,3909120
7899,2,3909120
7900,1,3909120
7901,3,3909120
7902,2,3909120
7903,1,3909120
7904,3,3909120
7905,1,3909120
7906,1,3909120
7907,3,3909120
7908,3,3909120
7909,0,3909120
7910,3,3909120
7911,1,3909120
7912,2,3909120
7913,1,3909120
7914,1,3909120
7915,1,3909120
7916,1,3909120
7917,2,3909120
7918,1,3909120
7919,1,3909120
7920,0,3909120
7921,1,3909120
7922,1,3909120
7923,3,3909120
7924,3,3909120
7925,0,3909120
7926,2,3909120
7927,1,3909120
7928,3,3909120
7929,0,3909120
7930,1,3909120
7931,1,3909120
7932,1,3909120
7933,3,3909120
7934,1,3909120
7935,3,3909120
7936,3,3909120
7937,0,3909120
7938,3,3909120
7939,3,3909120
7940,2,3909120
7941,1,3909120
7942,3,3909120
7943,3,3909120
7944,3,3909120
7945,1,3909120
7946,3,3909120
7947,3,3909120
7948,0,3909120
7949,3,3909120
7950,0,3909120
7951,3,3909120
7952,3,3909120
7953,1,3909120
7954,3,3909120
7955,3,3909120
7956,3,3909120
7957,0,3909120
7958,1,3909120
7959,1,3909120
7960,1,3909120
7961,3,3909120
7962,1,3909120
7963,3,3909120
7964,3,3909120
7965,0,3909120
7966,3,3909120
7967,3,3909120
7968,2,3909120
7969,1,3909120
7970,3,3909120
7971,3,3909120
7972,3,3909120
7973,1,3909120
7974,3,3909120
7975,3,3909120
7976,0,3909120
7977,3,3909120
7978,0,3909120
7979,3,3909120
7980,3,3909120
7981,1,3909120
7982,3,3909120
7983,3,3909120
7984,3,3909120
7985,0,3909120
7986,1,3909120
7987,1,3909120
7988,1,3909120
7989,3,3909120
7990,1,3909120
7991,3,3909120
7992,3,3909120
7993,3,3909120
7994,1,3909120
7995,1,3909120
7996,1,3909120
7997,1,3909120
7998,1,3909120
7999,3,3909120
8000,1,3909120
8001,3,3909120
8002,3,3909120
8003,3,3909120
8004,0,3909120
8005,3,3909120
8006,1,3909120
8007,0,3909120
8008,1,3909120
8009,3,3909120
8010,1,3909120
8011,1,3909120
8012,3,3909120
8013,3,3909120
8014,3,3909120
8015,1,3909120
8016,1,3909120
8017,3,3909120
8018,3,3909120
8019,3,3909120
8020,3,3909120
8021,3,3909120
8022,1,3909120
8023,1,3909120
8024,3,3909120
8025,3,3909120
8026,1,3909120
8027,1,3909120
8028,3,3909120
8029,3,3909120
8030,1,3909120
8031,3,3909120
8032,3,3909120
8033,1,3909120
8034,2,3909120
8035,3,3909120
8036,3,3909120
8037,3,3909120
8038,3,3909120
8039,3,3909120
8040,3,3909120
8041,3,3909120
8042,3,3909120
8043,3,3909120
8044,1,3909120
8045,3,3909120
8046,1,3909120
8047,3,3909120
8048,1,3909120
8049,1,3909120
8050,2,3909120
8051,1,3909120
8052,3,3909120
8053,0,3909120
8054,1,3909120
8055,3,3909120
8056,1,3909120
8057,2,3909120
8058,3,3909120
8059,3,3909120
8060,1,3909120
8061,1,3909120
8062,1,3909120
8063,1,3909120
8064,3,3909120
8065,1,3909120
8066,0,3909120
8067,1,3909120
8068,2,3909120
8069,1,3909120
8070,3,3909120
8071,3,3909120
8072,3,3909120
8073,3,3909120
8074,3,3909120
8075,1,3909120
8076,3,3909120
8077,0,3909120
8078,1,3909120
8079,2,3909120
8080,1,3909120
8081,3,3909120
8082,3,3909120
8083,0,3909120
8084,2,3909120
8085,1,3909120
8086,3,3909120
8087,3,3909120
8088,3,3909120
8089,3,3909120
8090,1,3909120
8091,0,3909120
8092,3,3909120
8093,1,3909120
8094,1,3909120
8095,3,3909120
8096,3,3909120
8097,3,3909120
8098,3,3909120
8099,1,3909120
8100,1,3909120
8101,1,3909120
8102,3,3909120
8103,3,3909120
8104,1,3909120
8105,1,3909120
8106,3,3909120
8107,1,3909120
8108,0,3909120
8109,3,3909120
8110,0,3909120
8111,1,3909120
8112,1,3909120
8113,1,3909120
8114,3,3909120
8115,3,3909120
8116,1,3909120
8117,2,3909120
8118,1,3909120
8119,1,3909120
8120,3,3909120
8121,3,3909120
8122,1,3909120
8123,3,3909120
8124,0,3909120
8125,3,3909120
8126,3,3909120
8127,3,3909120
8128,3,3909120
8129,1,3909120
8130,3,3909120
8131,3,3909120
8132,3,3909120
8133,3,3909120
8134,1,3909120
8135,3,3909120
8136,1,3909120
8137,0,3909120
8138,3,3909120
8139,1,3909120
8140,1,3909120
8141,1,3909120
8142,2,3909120
8143,1,3909120
8144,2,3909120
8145,1,3909120
8146,3,3909120
8147,1,3909120
8148,3,3909120
8149,3,3909120
8150,3,3909120
8151,1,3909120
8152,1,3909120
8153,0,3909120
8154,3,3909120
8155,3,3909120
8156,3,3909120
8157,1,3909120
8158,3,3909120
8159,1,3909120
8160,2,3909120
8161,3,3909120
8162,0,3909120
8163,3,3909120
8164,3,3909120
8165,3,3909120
8166,3,3909120
8167,1,3909120
8168,1,3909120
8169,1,3909120
8170,1,3909120
8171,2,3909120
8172,3,3909120
8173,3,3909120
8174,3,3909120
8175,0,3909120
8176,3,3909120
8177,2,3909120
8178,3,3909120
8179,2,3909120
8180,3,3909120
8181,3,3909120
8182,1,3909120
8183,1,3909120
8184,3,3909120
8185,1,3909120
8186,3,3909120
8187,2,3909120
8188,3,3909120
8189,1,3909120
8190,1,3909120
8191,3,3909120
8192,1,3909120
8193,3,3909120
8194,1,3909120
8195,1,3909120
8196,3,3909120
8197,2,3909120
8198,1,3909120
8199,2,3909120
8200,3,3909120
8201,2,3909120
8202,1,3909120
8203,3,3909120
8204,3,3909120
8205,3,3909120
8206,3,3909120
8207,0,3909120
8208,3,3909120
8209,1,3909120
8210,1,3909120
8211,2,3909120
8212,3,3909120
8213,1,3909120
8214,1,3909120
8215,3,3909120
8216,3,3909120
8217,2,3909120
8218,2,3909120
8219,3,3909120
8220,2,3909120
8221,1,3909120
8222,3,3909120
8223,1,3909120
8224,0,3909120
8225,3,3909120
8226,3,3909120
8227,3,3909120
8228,2,3909120
8229,1,3909120
8230,3,3909120
8231,3,3909120
8232,3,3909120
8233,0,3909120
8234,1,3909120
8235,2,3909120
8236,3,3909120
8237,1,3909120
8238,3,3909120
8239,1,3909120
8240,1,3909120
8241,3,3909120
8242,3,3909120
8243,3,3909120
8244,0,3909120
8245,1,3909120
8246,0,3909120
8247,3,3909120
8248,1,3909120
8249,3,3909120
8250,0,3909120
8251,3,3909120
8252,3,3909120
8253,1,3909120
8254,1,3909120
8255,0,3909120
8256,3,3909120
8257,1,3909120
8258,1,3909120
8259,3,3909120
8260,1,3909120
8261,3,3909120
8262,3,3909120
8263,3,3909120
8264,3,3909120
8265,3,3909120
8266,3,3909120
8267,1,3909120
8268,3,3909120
8269,0,3909120
8270,1,3909120
8271,1,3909120
8272,3,3909120
8273,3,3909120
8274,1,3909120
8275,3,3909120
8276,1,3909120
8277,3,3909120
8278,1,3909120
8279,1,3909120
8280,0,3909120
8281,3,3909120
8282,3,3909120
8283,2,3909120
8284,3,3909120
8285,3,3909120
8286,1,3909120
8287,1,3909120
8288,1,3909120
8289,3,3909120
8290,1,3909120
8291,3,3909120
8292,3,3909120
8293,2,3909120
8294,2,3909120
8295,3,3909120
8296,1,3909120
8297,1,3909120
8298,1,3909120
8299,1,3909120
8300,0,3909120
8301,1,3909120
8302,1,3909120
8303,1,3909120
8304,1,3909120
8305,3,3909120
8306,3,3909120
8307,3,3909120
8308,3,3909120
8309,1,3909120
8310,3,3909120
8311,3,3909120
8312,2,3909120
8313,1,3909120
8314,3,3909120
8315,1,3909120
8316,1,3909120
8317,3,3909120
8318,1,3909120
8319,3,3909120
8320,2,3909120
8321,3,3909120
8322,3,3909120
8323,3,3909120
8324,3,3909120
8325,3,3909120
8326,2,3909120
8327,3,3909120
8328,3,3909120
8329,0,3909120
8330,3,3909120
8331,3,3909120
8332,0,3909120
8333,3,3909120
8334,1,3909120
8335,3,3909120
8336,1,3909120
8337,1,3909120
8338,3,3909120
8339,3,3909120
8340,3,3909120
8341,3,3909120
8342,3,3909120
8343,3,3909120
8344,3,3909120
8345,3,3909120
8346,1,3909120
8347,1,3909120
8348,3,3909120
8349,1,3909120
8350,3,3909120
8351,1,3909120
8352,0,3909120
8353,3,3909120
8354,1,3909120
8355,3,3909120
8356,3,3909120
8357,3,3909120
8358,3,3909120
8359,0,3909120
8360,1,3909120
8361,3,3909120
8362,1,3909120
8363,3,3909120
8364,1,3909120
8365,1,3909120
8366,1,3909120
8367,1,3909120
8368,3,3909120
8369,3,3909120
8370,3,3909120
8371,1,3909120
8372,3,3909120
8373,3,3909120
8374,1,3909120
8375,3,3909120
8376,3,3909120
8377,3,3909120
8378,1,3909120
8379,3,3909120
8380,1,3909120
8381,1,3909120
8382,3,3909120
8383,3,3909120
8384,3,3909120
8385,3,3909120
8386,1,3909120
8387,0,3909120
8388,1,3909120
8389,3,3909120
8390,3,3909120
8391,3,3909120
8392,1,3909120
8393,3,3909120
8394,3,3909120
8395,0,3909120
8396,3,3909120
8397,3,3909120
8398,1,3909120
8399,3,3909120
8400,3,3909120
8401,1,3909120
8402,3,3909120
8403,3,3909120
8404,3,3909120
8405,1,3909120
8406,1,3909120
8407,3,3909120
8408,3,3909120
8409,1,3909120
8410,1,3909120
8411,1,3909120
8412,1,3909120
8413,3,3909120
8414,3,3909120
8415,1,3909120
8416,2,3909120
8417,3,3909120
8418,3,3909120
8419,3,3909120
8420,2,3909120
8421,1,3909120
8422,0,3909120
8423,3,3909120
8424,3,3909120
8425,3,3909120
8426,0,3909120
8427,0,3909120
8428,3,3909120
8429,1,3909120
8430,2,3909120
8431,3,3909120
8432,1,3909120
8433,3,3909120
8434,3,3909120
8435,3,3909120
8436,1,3909120
8437,1,3909120
8438,3,3909120
8439,0,3909120
8440,1,3909120
8441,3,3909120
8442,3,3909120
8443,3,3909120
8444,3,3909120
8445,2,3909120
8446,1,3909120
8447,1,3909120
8448,1,3909120
8449,0,3909120
8450,1,3909120
8451,3,3909120
8452,0,3909120
8453,1,3909120
8454,1,3909120
8455,1,3909120
8456,3,3909120
8457,1,3909120
8458,1,3909120
8459,1,3909120
8460,3,3909120
8461,1,3909120
8462,2,3909120
8463,3,3909120
8464,3,3909120
8465,3,3909120
8466,3,3909120
8467,3,3909120
8468,0,3909120
8469,3,3909120
8470,1,3909120
8471,0,3909120
8472,3,3909120
8473,3,3909120
8474,1,3909120
8475,3,3909120
8476,1,3909120
8477,1,3909120
8478,3,3909120
8479,3,3909120
8480,3,3909120
8481,3,3909120
8482,3,3909120
8483,2,3909120
8484,3,3909120
8485,3,3909120
8486,1,3909120
8487,3,3909120
8488,1,3909120
8489,1,3909120
8490,3,3909120
8491,3,3909120
8492,3,3909120
8493,3,3909120
8494,3,3909120
8495,2,3909120
8496,3,3909120
8497,3,3909120
8498,1,3909120
8499,3,3909120
8500,1,3909120
8501,1,3909120
8502,3,3909120
8503,3,3909120
8504,1,3909120
8505,3,3909120
8506,0,3909120
8507,3,3909120
8508,3,3909120
8509,3,3909120
8510,3,3909120
8511,3,3909120
8512,1,3909120
8513,1,3909120
8514,3,3909120
8515,3,3909120
8516,1,3909120
8517,3,3909120
8518,0,3909120
8519,3,3909120
8520,3,3909120
8521,3,3909120
8522,3,3909120
8523,3,3909120
8524,1,3909120
8525,1,3909120
8526,3,3909120
8527,3,3909120
8528,1,3909120
8529,3,3909120
8530,3,3909120
8531,3,3909120
8532,3,3909120
8533,0,3909120
8534,1,3909120
8535,1,3909120
8536,1,3909120
8537,1,3909120
8538,3,3909120
8539,1,3909120
8540,1,3909120
8541,3,3909120
8542,3,3909120
8543,3,3909120
8544,1,3909120
8545,3,3909120
8546,1,3909120
8547,3,3909120
8548,3,3909120
8549,3,3909120
8550,3,3909120
8551,1,3909120
8552,3,3909120
8553,3,3909120
8554,3,3909120
8555,3,3909120
8556,3,3909120
8557,0,3909120
8558,3,3909120
8559,3,3909120
8560,1,3909120
8561,3,3909120
8562,3,3909120
8563,3,3909120
8564,2,3909120
8565,3,3909120
8566,3,3909120
8567,0,3909120
8568,3,3909120
8569,3,3909120
8570,1,3909120
8571,3,3909120
8572,3,3909120
8573,1,3909120
8574,3,3909120
8575,3,3909120
8576,3,3909120
8577,3,3909120
8578,3,3909120
8579,3,3909120
8580,3,3909120
8581,0,3909120
8582,3,3909120
8583,1,3909120
8584,1,3909120
8585,2,3909120
8586,3,3909120
8587,3,3909120
8588,3,3909120
8589,1,3909120
8590,3,3909120
8591,3,3909120
8592,3,3909120
8593,3,3909120
8594,3,3909120
8595,3,3909120
8596,3,3909120
8597,1,3909120
8598,3,3909120
8599,1,3909120
8600,1,3909120
8601,2,3909120
8602,3,3909120
8603,3,3909120
8604,1,3909120
8605,1,3909120
8606,1,3909120
8607,1,3909120
8608,3,3909120
8609,1,3909120
8610,3,3909120
8611,3,3909120
8612,3,3909120
8613,3,3909120
8614,1,3909120
8615,3,3909120
8616,3,3909120
8617,3,3909120
8618,3,3909120
8619,3,3909120
8620,3,3909120
8621,3,3909120
8622,2,3909120
8623,1,3909120
8624,3,3909120
8625,3,3909120
8626,3,3909120
8627,1,3909120
8628,0,3909120
8629,3,3909120
8630,1,3909120
8631,3,3909120
8632,1,3909120
8633,1,3909120
8634,3,3909120
8635,1,3909120
8636,1,3909120
8637,3,3909120
8638,0,3909120
8639,3,3909120
8640,1,3909120
8641,1,3909120
8642,3,3909120
8643,1,3909120
8644,1,3909120
8645,1,3909120
8646,1,3909120
8647,2,3909120
8648,1,3909120
8649,0,3909120
8650,1,3909120
8651,3,3909120
8652,3,3909120
8653,3,3909120
8654,3,3909120
8655,3,3909120
8656,2,3909120
8657,1,3909120
8658,1,3909120
8659,3,3909120
8660,3,3909120
8661,2,3909120
8662,1,3909120
8663,3,3909120
8664,3,3909120
8665,3,3909120
8666,3,3909120
8667,1,3909120
8668,3,3909120
8669,1,3909120
8670,1,3909120
8671,3,3909120
8672,3,3909120
8673,1,3909120
8674,3,3909120
8675,3,3909120
8676,1,3909120
8677,2,3909120
8678,1,3909120
8679,2,3909120
8680,3,3909120
8681,3,3909120
8682,3,3909120
8683,0,3909120
8684,1,3909120
8685,3,3909120
8686,1,3909120
8687,3,3909120
8688,3,3909120
8689,3,3909120
8690,2,3909120
8691,1,3909120
8692,1,3909120
8693,3,3909120
8694,1,3909120
8695,1,3909120
8696,3,3909120
8697,3,3909120
8698,3,3909120
8699,3,3909120
8700,1,3909120
8701,1,3909120
8702,3,3909120
8703,1,3909120
8704,1,3909120
8705,1,3909120
8706,1,3909120
8707,3,3909120
8708,0,3909120
8709,1,3909120
8710,1,3909120
8711,1,3909120
8712,1,3909120
8713,3,3909120
8714,3,3909120
8715,3,3909120
8716,2,3909120
8717,1,3909120
8718,3,3909120
8719,0,3909120
8720,3,3909120
8721,3,3909120
8722,3,3909120
8723,2,3909120
8724,3,3909120
8725,1,3909120
8726,2,3909120
8727,3,3909120
8728,1,3909120
8729,1,3909120
8730,3,3909120
8731,3,3909120
8732,3,3909120
8733,2,3909120
8734,3,3909120
8735,3,3909120
8736,1,3909120
8737,1,3909120
8738,1,3909120
8739,3,3909120
8740,1,3909120
8741,1,3909120
8742,3,3909120
8743,3,3909120
8744,0,3909120
8745,3,3909120
8746,3,3909120
8747,3,3909120
8748,3,3909120
8749,3,3909120
8750,0,3909120
8751,3,3909120
8752,2,3909120
8753,3,3909120
8754,0,3909120
8755,1,3909120
8756,1,3909120
8757,3,3909120
8758,3,3909120
8759,1,3909120
8760,1,3909120
8761,1,3909120
8762,1,3909120
8763,1,3909120
8764,3,3909120
8765,1,3909120
8766,1,3909120
8767,3,3909120
8768,3,3909120
8769,3,3909120
8770,1,3909120
8771,3,3909120
8772,1,3909120
8773,3,3909120
8774,3,3909120
8775,1,3909120
8776,1,3909120
8777,3,3909120
8778,3,3909120
8779,1,3909120
8780,1,3909120
8781,3,3909120
8782,0,3909120
8783,3,3909120
8784,0,3909120
8785,2,3909120
8786,2,3909120
8787,3,3909120
8788,1,3909120
8789,3,3909120
8790,3,3909120
8791,3,3909120
8792,0,3909120
8793,3,3909120
8794,1,3909120
8795,1,3909120
8796,3,3909120
8797,3,3909120
8798,3,3909120
8799,1,3909120
8800,0,3909120
8801,1,3909120
8802,3,3909120
8803,3,3909120
8804,1,3909120
8805,1,3909120
8806,1,3909120
8807,1,3909120
8808,3,3909120
8809,1,3909120
8810,3,3909120
8811,3,3909120
8812,3,3909120
8813,3,3909120
8814,3,3909120
8815,1,3909120
8816,1,3909120
8817,3,3909120
8818,0,3909120
8819,0,3909120
8820,1,3909120
8821,1,3909120
8822,3,3909120
8823,0,3909120
8824,3,3909120
8825,3,3909120
8826,3,3909120
8827,1,3909120
8828,3,3909120
8829,3,3909120
8830,1,3909120
8831,3,3909120
8832,0,3909120
8833,3,3909120
8834,3,3909120
8835,1,3909120
8836,3,3909120
8837,3,3909120
8838,1,3909120
8839,1,3909120
8840,1,3909120
8841,1,3909120
8842,3,3909120
8843,3,3909120
8844,3,3909120
8845,0,3909120
8846,1,3909120
8847,0,3909120
8848,1,3909120
8849,1,3909120
8850,3,3909120
8851,3,3909120
8852,3,3909120
8853,3,3909120
8854,0,3909120
8855,1,3909120
8856,1,3909120
8857,2,3909120
8858,3,3909120
8859,1,3909120
8860,1,3909120
8861,3,3909120
8862,3,3909120
8863,1,3909120
8864,1,3909120
8865,3,3909120
8866,3,3909120
8867,2,3909120
8868,1,3909120
8869,3,3909120
8870,3,3909120
8871,3,3909120
8872,1,3909120
8873,3,3909120
8874,2,3909120
8875,2,3909120
8876,3,3909120
8877,3,3909120
8878,3,3909120
8879,0,3909120
8880,1,3909120
8881,1,3909120
8882,3,3909120
8883,3,3909120
8884,1,3909120
8885,3,3909120
8886,1,3909120
8887,3,3909120
8888,1,3909120
8889,3,3909120
8890,3,3909120
8891,1,3909120
8892,1,3909120
8893,3,3909120
8894,3,3909120
8895,3,3909120
8896,3,3909120
8897,1,3909120
8898,1,3909120
8899,1,3909120
8900,1,3909120
8901,1,3909120
8902,3,3909120
8903,3,3909120
8904,3,3909120
8905,3,3909120
8906,3,3909120
8907,0,3909120
8908,3,3909120
8909,3,3909120
8910,1,3909120
8911,0,3909120
8912,3,3909120
8913,1,3909120
8914,1,3909120
8915,1,3909120
8916,1,3909120
8917,1,3909120
8918,0,3909120
8919,1,3909120
8920,1,3909120
8921,3,3909120
8922,3,3909120
8923,1,3909120
8924,1,3909120
8925,1,3909120
8926,1,3909120
8927,1,3909120
8928,1,3909120
8929,1,3909120
8930,1,3909120
8931,1,3909120
8932,3,3909120
8933,3,3909120
8934,1,3909120
8935,1,3909120
8936,3,3909120
8937,1,3909120
8938,1,3909120
8939,3,3909120
8940,3,3909120
8941,1,3909120
8942,3,3909120
8943,3,3909120
8944,3,3909120
8945,3,3909120
8946,1,3909120
8947,2,3909120
8948,3,3909120
8949,1,3909120
8950,3,3909120
8951,3,3909120
8952,1,3909120
8953,3,3909120
8954,1,3909120
8955,1,3909120
8956,1,3909120
8957,3,3909120
8958,3,3909120
8959,3,3909120
8960,1,3909120
8961,1,3909120
8962,3,3909120
8963,3,3909120
8964,3,3909120
8965,1,3909120
8966,1,3909120
8967,1,3909120
8968,3,3909120
8969,1,3909120
8970,3,3909120
8971,1,3909120
8972,1,3909120
8973,3,3909120
8974,1,3909120
8975,1,3909120
8976,1,3909120
8977,1,3909120
8978,3,3909120
8979,3,3909120
8980,1,3909120
8981,3,3909120
8982,2,3909120
8983,3,3909120
8984,3,3909120
8985,2,3909120
8986,3,3909120
8987,3,3909120
8988,1,3909120
8989,3,3909120
8990,1,3909120
8991,1,3909120
8992,2,3909120
8993,3,3909120
8994,2,3909120
8995,3,3909120
8996,1,3909120
8997,3,3909120
8998,1,3909120
8999,1,3909120
9000,2,3909120
9001,0,3909120
9002,2,3909120
9003,3,3909120
9004,0,3909120
9005,3,3909120
9006,3,3909120
9007,1,3909120
9008,1,3909120
9009,3,3909120
9010,1,3909120
9011,3,3909120
9012,1,3909120
9013,1,3909120
9014,1,3909120
9015,1,3909120
9016,0,3909120
9017,1,3909120
9018,1,3909120
9019,1,3909120
9020,3,3909120
9021,1,3909120
9022,3,3909120
9023,1,3909120
9024,1,3909120
9025,1,3909120
9026,0,3909120
9027,1,3909120
9028,3,3909120
9029,3,3909120
9030,3,3909120
9031,2,3909120
9032,0,3909120
9033,1,3909120
9034,3,3909120
9035,1,3909120
9036,1,3909120
9037,3,3909120
9038,3,3909120
9039,3,3909120
9040,0,3909120
9041,3,3909120
9042,2,3909120
9043,3,3909120
9044,1,3909120
9045,3,3909120
9046,3,3909120
9047,1,3909120
9048,3,3909120
9049,3,3909120
9050,3,3909120
9051,3,3909120
9052,3,3909120
9053,0,3909120
9054,1,3909120
9055,3,3909120
9056,1,3909120
9057,1,3909120
9058,2,3909120
9059,0,3909120
9060,3,3909120
9061,3,3909120
9062,3,3909120
9063,1,3909120
9064,3,3909120
9065,3,3909120
9066,3,3909120
9067,3,3909120
9068,2,3909120
9069,1,3909120
9070,1,3909120
9071,3,3909120
9072,0,3909120
9073,3,3909120
9074,3,3909120
9075,3,3909120
9076,2,3909120
9077,3,3909120
9078,2,3909120
9079,0,3909120
9080,3,3909120
9081,2,3909120
9082,3,3909120
9083,3,3909120
9084,0,3909120
9085,3,3909120
9086,3,3909120
9087,3,3909120
9088,3,3909120
9089,1,3909120
9090,3,3909120
9091,3,3909120
9092,3,3909120
9093,0,3909120
9094,1,3909120
9095,1,3909120
9096,2,3909120
9097,0,3909120
9098,0,3909120
9099,3,3909120
9100,1,3909120
9101,3,3909120
9102,0,3909120
9103,3,3909120
9104,1,3909120
9105,3,3909120
9106,3,3909120
9107,3,3909120
9108,3,3909120
9109,1,3909120
9110,1,3909120
9111,1,3909120
9112,3,3909120
9113,2,3909120
9114,1,3909120
9115,3,3909120
9116,3,3909120
9117,1,3909120
9118,2,3909120
9119,1,3909120
9120,3,3909120
9121,1,3909120
9122,0,3909120
9123,0,3909120
9124,1,3909120
9125,0,3909120
9126,3,3909120
9127,1,3909120
9128,3,3909120
9129,1,3909120
9130,1,3909120
9131,3,3909120
9132,3,3909120
9133,1,3909120
9134,3,3909120
9135,3,3909120
9136,3,3909120
9137,3,3909120
9138,0,3909120
9139,1,3909120
9140,3,3909120
9141,1,3909120
9142,3,3909120
9143,1,3909120
9144,2,3909120
9145,3,3909120
9146,3,3909120
9147,1,3909120
9148,1,3909120
9149,3,3909120
9150,1,3909120
9151,1,3909120
9152,1,3909120
9153,1,3909120
9154,2,3909120
9155,1,3909120
9156,1,3909120
9157,0,3909120
9158,1,3909120
9159,3,3909120
9160,2,3909120
9161,1,3909120
9162,3,3909120
9163,3,3909120
9164,3,3909120
9165,2,3909120
9166,3,3909120
9167,3,3909120
9168,1,3909120
9169,1,3909120
9170,2,3909120
9171,0,3909120
9172,3,3909120
9173,1,3909120
9174,3,3909120
9175,3,3909120
9176,3,3909120
9177,3,3909120
9178,1,3909120
9179,3,3909120
9180,2,3909120
9181,3,3909120
9182,3,3909120
9183,3,3909120
9184,0,3909120
9185,2,3909120
9186,3,3909120
9187,1,3909120
9188,3,3909120
9189,1,3909120
9190,3,3909120
9191,1,3909120
9192,3,3909120
9193,3,3909120
9194,3,3909120
9195,2,3909120
9196,1,3909120
9197,3,3909120
9198,1,3909120
9199,1,3909120
9200,1,3909120
9201,3,3909120
9202,3,3909120
9203,3,3909120
9204,1,3909120
9205,2,3909120
9206,3,3909120
9207,1,3909120
9208,3,3909120
9209,3,3909120
9210,1,3909120
9211,3,3909120
9212,0,3909120
9213,0,3909120
9214,1,3909120
9215,2,3909120
9216,3,3909120
9217,3,3909120
9218,3,3909120
9219,3,3909120
9220,1,3909120
9221,0,3909120
9222,3,3909120
9223,1,3909120
9224,1,3909120
9225,1,3909120
9226,3,3909120
9227,3,3909120
9228,3,3909120
9229,0,3909120
9230,3,3909120
9231,1,3909120
9232,1,3909120
9233,3,3909120
9234,3,3909120
9235,3,3909120
9236,3,3909120
9237,1,3909120
9238,2,3909120
9239,3,3909120
9240,1,3909120
9241,3,3909120
9242,3,3909120
9243,3,3909120
9244,3,3909120
9245,1,3909120
9246,2,3909120
9247,1,3909120
9248,2,3909120
9249,1,3909120
9250,1,3909120
9251,3,3909120
9252,0,3909120
9253,1,3909120
9254,3,3909120
9255,1,3909120
9256,0,3909120
9257,1,3909120
9258,3,3909120
9259,3,3909120
9260,3,3909120
9261,1,3909120
9262,3,3909120
9263,0,3909120
9264,0,3909120
9265,3,3909120
9266,1,3909120
9267,1,3909120
9268,3,3909120
9269,2,3909120
9270,3,3909120
9271,3,3909120
9272,1,3909120
9273,3,3909120
9274,3,3909120
9275,1,3909120
9276,3,3909120
9277,1,3909120
9278,3,3909120
9279,1,3909120
9280,3,3909120
9281,1,3909120
9282,3,3909120
9283,3,3909120
9284,3,3909120
9285,1,3909120
9286,3,3909120
9287,1,3909120
9288,1,3909120
9289,3,3909120
9290,0,3909120
9291,3,3909120
9292,1,3909120
9293,3,3909120
9294,3,3909120
9295,1,3909120
9296,0,3909120
9297,3,3909120
9298,3,3909120
9299,1,3909120
9300,3,3909120
9301,1,3909120
9302,1,3909120
9303,3,3909120
9304,1,3909120
9305,1,3909120
9306,2,3909120
9307,1,3909120
9308,3,3909120
9309,3,3909120
9310,3,3909120
9311,3,3909120
9312,1,3909120
9313,1,3909120
9314,3,3909120
9315,3,3909120
9316,1,3909120
9317,3,3909120
9318,1,3909120
9319,1,3909120
9320,1,3909120
9321,1,3909120
9322,2,3909120
9323,1,3909120
9324,3,3909120
9325,1,3909120
9326,3,3909120
9327,3,3909120
9328,1,3909120
9329,3,3909120
9330,3,3909120
9331,3,3909120
9332,0,3909120
9333,1,3909120
9334,3,3909120
9335,3,3909120
9336,2,3909120
9337,1,3909120
9338,1,3909120
9339,3,3909120
9340,3,3909120
9341,1,3909120
9342,3,3909120
9343,3,3909120
9344,1,3909120
9345,1,3909120
9346,3,3909120
9347,3,3909120
9348,0,3909120
9349,3,3909120
9350,1,3909120
9351,3,3909120
9352,0,3909120
9353,1,3909120
9354,0,3909120
9355,1,3909120
9356,0,3909120
9357,3,3909120
9358,3,3909120
9359,1,3909120
9360,3,3909120
9361,3,3909120
9362,3,3909120
9363,2,3909120
9364,3,3909120
9365,0,3909120
9366,0,3909120
9367,1,3909120
9368,1,3909120
9369,3,3909120
9370,3,3909120
9371,2,3909120
9372,3,3909120
9373,1,3909120
9374,0,3909120
9375,1,3909120
9376,3,3909120
9377,3,3909120
9378,2,3909120
9379,3,3909120
9380,1,3909120
9381,3,3909120
9382,1,3909120
9383,3,3909120
9384,1,3909120
9385,1,3909120
9386,1,3909120
9387,3,3909120
9388,3,3909120
9389,1,3909120
9390,1,3909120
9391,3,3909120
9392,3,3909120
9393,1,3909120
9394,1,3909120
9395,3,3909120
9396,3,3909120
9397,3,3909120
9398,3,3909120
9399,2,3909120
9400,1,3909120
9401,1,3909120
9402,3,3909120
9403,1,3909120
9404,1,3909120
9405,3,3909120
9406,1,3909120
9407,3,3909120
9408,1,3909120
9409,1,3909120
9410,0,3909120
9411,3,3909120
9412,3,3909120
9413,3,3909120
9414,3,3909120
9415,2,3909120
9416,3,3909120
9417,1,3909120
9418,3,3909120
9419,3,3909120
9420,3,3909120
9421,1,3909120
9422,0,3909120
9423,0,3909120
9424,3,3909120
9425,0,3909120
9426,2,3909120
9427,3,3909120
9428,3,3909120
9429,3,3909120
9430,1,3909120
9431,3,3909120
9432,3,3909120
9433,0,3909120
9434,3,3909120
9435,3,3909120
9436,3,3909120
9437,0,3909120
9438,3,3909120
9439,3,3909120
9440,3,3909120
9441,0,3909120
9442,3,3909120
9443,1,3909120
9444,3,3909120
9445,3,3909120
9446,1,3909120
9447,1,3909120
9448,3,3909120
9449,1,3909120
9450,1,3909120
9451,1,3909120
9452,1,3909120
9453,1,3909120
9454,3,3909120
9455,1,3909120
9456,3,3909120
9457,1,3909120
9458,3,3909120
9459,3,3909120
9460,1,3909120
9461,1,3909120
9462,0,3909120
9463,2,3909120
9464,1,3909120
9465,0,3909120
9466,3,3909120
9467,3,3909120
9468,1,3909120
9469,1,3909120
9470,1,3909120
9471,3,3909120
9472,1,3909120
9473,1,3909120
9474,1,3909120
9475,3,3909120
9476,3,3909120
9477,3,3909120
9478,3,3909120
9479,1,3909120
9480,1,3909120
9481,1,3909120
9482,1,3909120
9483,1,3909120
9484,3,3909120
9485,2,3909120
9486,1,3909120
9487,3,3909120
9488,1,3909120
9489,1,3909120
9490,2,3909120
9491,3,3909120
9492,3,3909120
9493,3,3909120
9494,2,3909120
9495,2,3909120
9496,3,3909120
9497,2,3909120
9498,3,3909120
9499,3,3909120
9500,1,3909120
9501,1,3909120
9502,3,3909120
9503,3,3909120
9504,3,3909120
9505,3,3909120
9506,3,3909120
9507,3,3909120
9508,3,3909120
9509,3,3909120
9510,1,3909120
9511,1,3909120
9512,3,3909120
9513,3,3909120
9514,3,3909120
9515,1,3909120
9516,3,3909120
9517,3,3909120
9518,3,3909120
9519,3,3909120
9520,3,3909120
9521,0,3909120
9522,3,3909120
9523,3,3909120
9524,1,3909120
9525,3,3909120
9526,3,3909120
9527,3,3909120
9528,1,3909120
9529,1,3909120
9530,3,3909120
9531,3,3909120
9532,3,3909120
9533,3,3909120
9534,3,3909120
9535,1,3909120
9536,1,3909120
9537,3,3909120
9538,3,3909120
9539,1,3909120
9540,1,3909120
9541,1,3909120
9542,1,3909120
9543,1,3909120
9544,0,3909120
9545,3,3909120
9546,3,3909120
9547,2,3909120
9548,1,3909120
9549,1,3909120
9550,3,3909120
9551,3,3909120
9552,1,3909120
9553,3,3909120
9554,3,3909120
9555,3,3909120
9556,1,3909120
9557,3,3909120
9558,3,3909120
9559,0,3909120
9560,1,3909120
9561,1,3909120
9562,3,3909120
9563,3,3909120
9564,3,3909120
9565,1,3909120
9566,1,3909120
9567,2,3909120
9568,3,3909120
9569,3,3909120
9570,1,3909120
9571,1,3909120
9572,3,3909120
9573,1,3909120
9574,1,3909120
9575,1,3909120
9576,3,3909120
9577,3,3909120
9578,3,3909120
9579,3,3909120
9580,3,3909120
9581,3,3909120
9582,3,3909120
9583,3,3909120
9584,1,3909120
9585,3,3909120
9586,3,3909120
9587,1,3909120
9588,1,3909120
9589,1,3909120
9590,1,3909120
9591,3,3909120
9592,1,3909120
9593,1,3909120
9594,3,3909120
9595,1,3909120
9596,3,3909120
9597,3,3909120
9598,1,3909120
9599,1,3909120
9600,1,3909120
9601,1,3909120
9602,2,3909120
9603,3,3909120
9604,3,3909120
9605,3,3909120
9606,1,3909120
9607,3,3909120
9608,1,3909120
9609,3,3909120
9610,3,3909120
9611,3,3909120
9612,1,3909120
9613,3,3909120
9614,1,3909120
9615,3,3909120
9616,3,3909120
9617,3,3909120
9618,3,3909120
9619,3,3909120
9620,3,3909120
9621,3,3909120
9622,3,3909120
9623,0,3909120
9624,0,3909120
9625,2,3909120
9626,0,3909120
9627,3,3909120
9628,0,3909120
9629,3,3909120
9630,3,3909120
9631,1,3909120
9632,1,3909120
9633,1,3909120
9634,3,3909120
9635,1,3909120
9636,3,3909120
9637,0,3909120
9638,1,3909120
9639,1,3909120
9640,1,3909120
9641,3,3909120
9642,0,3909120
9643,1,3909120
9644,3,3909120
9645,0,3909120
9646,1,3909120
9647,1,3909120
9648,1,3909120
9649,1,3909120
9650,3,3909120
9651,3,3909120
9652,3,3909120
9653,1,3909120
9654,3,3909120
9655,3,3909120
9656,3,3909120
9657,2,3909120
9658,1,3909120
9659,1,3909120
9660,3,3909120
9661,0,3909120
9662,3,3909120
9663,3,3909120
9664,3,3909120
9665,1,3909120
9666,3,3909120
9667,1,3909120
9668,3,3909120
9669,1,3909120
9670,3,3909120
9671,3,3909120
9672,3,3909120
9673,3,3909120
9674,3,3909120
9675,3,3909120
9676,1,3909120
9677,0,3909120
9678,3,3909120
9679,1,3909120
9680,3,3909120
9681,3,3909120
9682,3,3909120
9683,3,3909120
9684,3,3909120
9685,1,3909120
9686,1,3909120
9687,3,3909120
9688,3,3909120
9689,3,3909120
9690,2,3909120
9691,3,3909120
9692,3,3909120
9693,0,3909120
9694,0,3909120
9695,3,3909120
9696,2,3909120
9697,2,3909120
9698,1,3909120
9699,3,3909120
9700,2,3909120
9701,1,3909120
9702,3,3909120
9703,2,3909120
9704,1,3909120
9705,1,3909120
9706,1,3909120
9707,3,3909120
9708,1,3909120
9709,3,3909120
9710,1,3909120
9711,1,3909120
9712,1,3909120
9713,3,3909120
9714,3,3909120
9715,1,3909120
9716,1,3909120
9717,1,3909120
9718,0,3909120
9719,0,3909120
9720,3,3909120
9721,1,3909120
9722,3,3909120
9723,3,3909120
9724,1,3909120
9725,1,3909120
9726,1,3909120
9727,3,3909120
9728,2,3909120
9729,3,3909120
9730,0,3909120
9731,1,3909120
9732,1,3909120
9733,2,3909120
9734,1,3909120
9735,3,3909120
9736,3,3909120
9737,1,3909120
9738,3,3909120
9739,3,3909120
9740,3,3909120
9741,1,3909120
9742,1,3909120
9743,1,3909120
9744,1,3909120
9745,3,3909120
9746,2,3909120
9747,1,3909120
9748,2,3909120
9749,1,3909120
9750,3,3909120
9751,3,3909120
9752,1,3909120
9753,1,3909120
9754,3,3909120
9755,3,3909120
9756,3,3909120
9757,3,3909120
9758,3,3909120
9759,1,3909120
9760,1,3909120
9761,1,3909120
9762,1,3909120
9763,1,3909120
9764,3,3909120
9765,1,3909120
9766,1,3909120
9767,1,3909120
9768,1,3909120
9769,3,3909120
9770,3,3909120
9771,3,3909120
9772,3,3909120
9773,3,3909120
9774,1,3909120
9775,1,3909120
9776,1,3909120
9777,1,3909120
9778,1,3909120
9779,3,3909120
9780,1,3909120
9781,1,3909120
9782,1,3909120
9783,1,3909120
9784,3,3909120
9785,3,3909120
9786,1,3909120
9787,1,3909120
9788,3,3909120
9789,1,3909120
9790,1,3909120
9791,1,3909120
9792,3,3909120
9793,3,3909120
9794,3,3909120
9795,3,3909120
9796,3,3909120
9797,2,3909120
9798,3,3909120
9799,3,3909120
9800,3,3909120
9801,1,3909120
9802,1,3909120
9803,1,3909120
9804,3,3909120
9805,1,3909120
9806,1,3909120
9807,1,3909120
9808,0,3909120
9809,3,3909120
9810,1,3909120
9811,1,3909120
9812,2,3909120
9813,3,3909120
9814,0,3909120
9815,2,3909120
9816,3,3909120
9817,1,3909120
9818,3,3909120
9819,1,3909120
9820,1,3909120
9821,1,3909120
9822,1,3909120
9823,1,3909120
9824,1,3909120
9825,1,3909120
9826,1,3909120
9827,3,3909120
9828,3,3909120
9829,3,3909120
9830,3,3909120
9831,1,3909120
9832,3,3909120
9833,3,3909120
9834,3,3909120
9835,3,3909120
9836,3,3909120
9837,1,3909120
9838,0,3909120
9839,1,3909120
9840,1,3909120
9841,3,3909120
9842,3,3909120
9843,3,3909120
9844,1,3909120
9845,1,3909120
9846,1,3909120
9847,1,3909120
9848,3,3909120
9849,3,3909120
9850,1,3909120
9851,1,3909120
9852,1,3909120
9853,2,3909120
9854,3,3909120
9855,1,3909120
9856,1,3909120
9857,1,3909120
9858,1,3909120
9859,1,3909120
9860,3,3909120
9861,3,3909120
9862,1,3909120
9863,1,3909120
9864,2,3909120
9865,3,3909120
9866,0,3909120
9867,1,3909120
9868,1,3909120
9869,3,3909120
9870,3,3909120
9871,1,3909120
9872,1,3909120
9873,3,3909120
9874,3,3909120
9875,3,3909120
9876,3,3909120
9877,1,3909120
9878,0,3909120
9879,1,3909120
9880,3,3909120
9881,1,3909120
9882,3,3909120
9883,3,3909120
9884,3,3909120
9885,1,3909120
9886,1,3909120
9887,1,3909120
9888,1,3909120
9889,1,3909120
9890,1,3909120
9891,3,3909120
9892,1,3909120
9893,3,3909120
9894,3,3909120
9895,3,3909120
9896,3,3909120
9897,3,3909120
9898,1,3909120
9899,1,3909120
9900,1,3909120
9901,3,3909120
9902,3,3909120
9903,2,3909120
9904,1,3909120
9905,1,3909120
9906,1,3909120
9907,1,3909120
9908,2,3909120
9909,1,3909120
9910,1,3909120
9911,1,3909120
9912,3,3909120
9913,3,3909120
9914,1,3909120
9915,1,3909120
9916,2,3909120
9917,3,3909120
9918,3,3909120
9919,0,3909120
9920,1,3909120
9921,3,3909120
9922,3,3909120
9923,1,3909120
9924,1,3909120
9925,3,3909120
9926,3,3909120
9927,3,3909120
9928,0,3909120
9929,3,3909120
9930,2,3909120
9931,1,3909120
9932,3,3909120
9933,1,3909120
9934,1,3909120
9935,1,3909120
9936,2,3909120
9937,1,3909120
9938,3,3909120
9939,1,3909120
9940,1,3909120
9941,1,3909120
9942,3,3909120
9943,3,3909120
9944,3,3909120
9945,2,3909120
9946,3,3909120
9947,1,3909120
9948,3,3909120
9949,0,3909120
9950,3,3909120
9951,1,3909120
9952,0,3909120
9953,3,3909120
9954,1,3909120
9955,3,3909120
9956,1,3909120
9957,3,3909120
9958,1,3909120
9959,3,3909120
9960,1,3909120
9961,1,3909120
9962,2,3909120
9963,1,3909120
9964,1,3909120
9965,1,3909120
9966,3,3909120
9967,1,3909120
9968,1,3909120
9969,1,3909120
9970,1,3909120
9971,0,3909120
9972,1,3909120
9973,1,3909120
9974,1,3909120
9975,3,3909120
9976,1,3909120
9977,3,3909120
9978,1,3909120
9979,1,3909120
9980,3,3909120
9981,0,3909120
9982,3,3909120
9983,3,3909120
9984,3,3909120
9985,3,3909120
9986,3,3909120
9987,3,3909120
9988,3,3909120
9989,3,3909120
9990,1,3909120
9991,1,3909120
9992,1,3909120
9993,1,3909120
9994,1,3909120
9995,3,3909120
9996,3,3909120
9997,1,3909120
9998,3,3909120
9999,3,3909120
